,acc,loss,val_acc,val_loss
0,0.20590588988476313,2.1053067048899496,0.3379,1.840515301322937
